source,title,url,date,author,summary,text,fetched_at
Another Source,Intel anuncia fábrica en Europa,https://example.com/intel,2025-09-11,John Smith,Intel invertirá en nuevas instalaciones,Detalles del anuncio...,2025-09-15T12:30:00Z
Example Semi News,TSMC lanza nuevo nodo,https://example.com/tsmc,2025-09-10,Jane Doe,Roadmap de TSMC 2nm,Texto completo del artículo...,2025-09-15T12:00:00Z
Semiconductor Engineering,Designing A Better Clock Network,https://semiengineering.com/designing-a-better-clock-network/,,,,,2025-09-15T11:47:33.557429+00:00
Semiconductor Engineering,Early STEM Education Key To Growing Future Chip Workforce,https://semiengineering.com/early-stem-education-key-to-growing-future-chip-workforce/,,,,,2025-09-15T11:47:31.330977+00:00
Semiconductor Engineering,Terms of Service,https://semiengineering.com/terms-of-service/,,,,,2025-09-15T11:47:28.039144+00:00
Semiconductor Engineering,Experimental Characterization Results and State-of-the-Art Device-Level Studies of DRAM Read Disturbance,https://semiengineering.com/experimental-characterization-results-and-state-of-the-art-device-level-studies-of-dram-read-disturbance/,,,,,2025-09-15T11:47:25.872152+00:00
Semiconductor Engineering,Z-End Applications,https://semiengineering.com/category-see-more/?cat_id=51747,,,,,2025-09-15T11:47:22.561454+00:00
Semiconductor Engineering,tag: imec,https://semiengineering.com/tag/imec/,,,,,2025-09-15T11:47:20.066494+00:00
Semiconductor Engineering,Chip Industry Week in Review,https://semiengineering.com/chip-industry-week-in-review-88/,,,,,2025-09-15T11:47:16.928342+00:00
Semiconductor Engineering,Manufacturing,https://semiengineering.com/category-see-more/?cat_id=47214,,,,,2025-09-15T11:47:13.951595+00:00
Semiconductor Engineering,tag: Arteris,https://semiengineering.com/tag/arteris/,,,,,2025-09-15T11:47:11.562780+00:00
Semiconductor Engineering,Coloring Optical Signals For More Bandwidth In Data Centers,https://semiengineering.com/author/bryon-moyer/,,,,,2025-09-15T11:47:08.154063+00:00
Semiconductor Engineering,Automotive/ Aerospace,https://semiengineering.com/category-see-more/?cat_id=47217,,,,,2025-09-15T11:47:05.640413+00:00
Semiconductor Engineering,Chip Industry Week in Review,https://semiengineering.com/chip-industry-week-in-review-90/,,,,,2025-09-15T11:47:03.639650+00:00
Semiconductor Engineering,:: Cookies Policy,https://semiengineering.com/cookies-policy/,,,,,2025-09-15T11:47:01.040348+00:00
Semiconductor Engineering,tag: automotive,https://semiengineering.com/tag/automotive/,,,,,2025-09-15T11:46:57.832990+00:00
Semiconductor Engineering,tag: machine learning,https://semiengineering.com/tag/machine-learning/,,,,,2025-09-15T11:46:54.642235+00:00
Semiconductor Engineering,Advancements In Silicon Device Technology And Design Driving New SLM Monitor Categories,https://semiengineering.com/advancements-in-silicon-device-technology-and-design-driving-new-slm-monitor-categories/,,,,,2025-09-15T11:46:51.574868+00:00
Semiconductor Engineering,Marketplace,https://semiengineering.com/marketplace/,,,,,2025-09-15T11:46:49.097772+00:00
Semiconductor Engineering,The Severity Of Test Escapes And SDCs Caused By Them  (Google),https://semiengineering.com/the-severity-of-test-escapes-and-sdcs-caused-by-them-google/,,,,,2025-09-15T11:46:46.623838+00:00
Semiconductor Engineering,Promises and Perils of Parallel Test,https://semiengineering.com/promises-and-perils-of-parallel-test/,,,,,2025-09-15T11:46:44.414032+00:00
Semiconductor Engineering,tag: Keysight,https://semiengineering.com/tag/keysight/,,,,,2025-09-15T11:46:41.529600+00:00
